first_name,last_name,date_of_birth,gender,phone_number,email,address,state,city,zip_code,insurance_provider,current_patient
James,Wilson,1984-05-12,Male,555-101-2345,jwilson1@gmail.com,12 Oak St,PA,Philadelphia,19104,Aetna,1
Sarah,Johnson,1990-11-03,Female,555-321-1189,sjohnson2@yahoo.com,45 Pine Ln,NJ,Trenton,08618,BlueCross,1
Michael,Brown,1978-02-22,Male,555-876-4432,mbrown3@gmail.com,88 Maple Ave,PA,Pittsburgh,15213,UnitedHealth,1
Emily,Davis,1989-07-19,Female,555-553-9087,edavis4@hotmail.com,34 Cedar Rd,DE,Wilmington,19801,Aetna,1
Christopher,Miller,1995-01-08,Male,555-229-3401,cmiller5@gmail.com,67 Birch St,PA,Harrisburg,17101,Cigna,0
Ashley,Garcia,1983-09-14,Female,555-440-7752,agarcia6@yahoo.com,90 Cherry Dr,NJ,Newark,07102,BlueCross,1
Matthew,Martinez,1998-03-06,Male,555-900-2211,mmartinez7@gmail.com,21 Aspen Way,PA,Reading,19601,Aetna,1
Amanda,Rodriguez,1986-08-27,Female,555-994-8820,arodriguez8@gmail.com,54 Lemon St,MD,Baltimore,21201,UnitedHealth,0
Joshua,Hernandez,1991-04-30,Male,555-311-4920,jhernandez9@yahoo.com,18 Oakwood Ln,PA,Lancaster,17601,Aetna,1
Samantha,Lopez,1993-10-11,Female,555-602-1933,slopez10@gmail.com,82 Laurel St,PA,York,17401,Highmark,1
Andrew,Gonzalez,1980-05-09,Male,555-440-7611,agonzalez11@yahoo.com,14 Ridge Ave,PA,Erie,16501,Aetna,0
Olivia,Clark,1999-12-01,Female,555-221-7744,oclark12@gmail.com,78 Hill Rd,NJ,JerseyCity,07302,BlueCross,1
Daniel,Lewis,1985-06-17,Male,555-158-3048,dlewis13@hotmail.com,89 Walnut Dr,PA,Allentown,18101,UnitedHealth,1
Isabella,Young,2000-09-23,Female,555-988-4500,iyoung14@gmail.com,33 Summit Rd,PA,Bethlehem,18015,Aetna,1
David,Hall,1977-03-14,Male,555-883-9944,dhall15@gmail.com,11 Brookside St,PA,Scranton,18503,Cigna,1
Megan,Allen,1992-11-26,Female,555-309-7221,mallen16@yahoo.com,20 Orchard Dr,OH,Cleveland,44101,Aetna,1
Justin,Wright,1987-02-10,Male,555-974-1109,jwright17@gmail.com,65 Juniper Rd,PA,KingOfPrussia,19406,BlueCross,0
Hannah,King,1994-07-12,Female,555-874-4321,hking18@gmail.com,27 Greene St,NJ,Paterson,07501,Aetna,1
Joseph,Scott,1981-04-29,Male,555-648-9901,jscott19@yahoo.com,30 Ridgeview Rd,PA,Altoona,16601,UnitedHealth,1
Abigail,Green,1997-01-15,Female,555-210-5544,agreen20@gmail.com,72 Pinecrest Ln,PA,Levittown,19054,Aetna,1
Ryan,Baker,1988-06-04,Male,555-349-7740,rbaker21@hotmail.com,41 Oak Hill Dr,PA,Chester,19013,Cigna,1
Grace,Adams,1996-03-21,Female,555-811-1432,gadams22@gmail.com,19 Willow Dr,PA,WestChester,19380,Aetna,1
Kevin,Nelson,1983-01-02,Male,555-990-2221,knelson23@gmail.com,90 Birchview Ln,PA,Pottstown,19464,Highmark,0
Victoria,Rivera,1991-08-13,Female,555-721-9843,vrivera24@yahoo.com,55 Valley Rd,NJ,Camden,08102,Aetna,1
Benjamin,Cook,1979-09-09,Male,555-112-9022,bcook25@gmail.com,28 Oak Ridge Ave,PA,Malvern,19355,BlueCross,1
Natalie,Morgan,1993-05-17,Female,555-499-3100,nmorgan26@gmail.com,17 Spruce St,PA,Exton,19341,Aetna,1
Tyler,Bell,1986-10-25,Male,555-742-8211,tbell27@yahoo.com,48 Rosewood Rd,PA,Downingtown,19335,Cigna,1
Hailey,Cooper,1998-12-07,Female,555-744-2209,hcooper28@gmail.com,88 Briarwood Dr,PA,Wayne,19087,UnitedHealth,1
Zachary,Richardson,1990-04-01,Male,555-120-5533,zrichardson29@gmail.com,33 Fairview Ln,NJ,Elizabeth,07201,Aetna,1
Lily,Cox,1984-07-30,Female,555-660-4327,lcox30@yahoo.com,12 Orchard Ave,PA,Media,19063,BlueCross,1
Aaron,Howard,1976-02-14,Male,555-938-2280,ahoward31@gmail.com,77 Willowbrook Ln,PA,Newtown,18940,Aetna,0
Amelia,Ward,1995-09-02,Female,555-223-7001,award32@hotmail.com,63 Hollis St,PA,Bensalem,19020,Aetna,1
Adam,Torres,1992-05-07,Male,555-500-8822,atorres33@gmail.com,46 Windsor Dr,PA,Havertown,19083,Highmark,1
Alyssa,Peterson,1988-03-28,Female,555-414-9900,apeterson34@yahoo.com,22 Chestnut St,PA,Norristown,19401,Cigna,1
Dylan,Gray,1997-07-10,Male,555-311-9921,dgray35@gmail.com,18 Ivy Ln,NJ,Edison,08817,Aetna,1
Chloe,Ramirez,1994-12-19,Female,555-744-5577,cramirez36@gmail.com,99 Meadow Rd,PA,Springfield,19064,BlueCross,1
Jason,James,1981-10-22,Male,555-840-2201,jjames37@gmail.com,71 Mountain Rd,PA,Phoenixville,19460,Aetna,1
Ava,Watson,1999-08-15,Female,555-234-8821,awatson38@yahoo.com,65 Highland Ave,PA,Feasterville,19053,Aetna,1
Eric,Brooks,1985-04-05,Male,555-299-7400,ebrooks39@gmail.com,34 Creekside Dr,PA,Chalfont,18914,UnitedHealth,1
Sofia,Kelly,1990-01-29,Female,555-761-1194,skelly40@gmail.com,50 Heather Ln,NJ,CherryHill,08002,Aetna,1
Brandon,Sanders,1979-02-08,Male,555-449-8832,bsanders41@gmail.com,75 Forest Rd,PA,Abington,19001,BlueCross,1
Rachel,Price,1998-06-30,Female,555-744-6001,rprice42@hotmail.com,22 Elmwood St,PA,Warminster,18974,Aetna,1
Nathan,Bennett,1986-09-14,Male,555-871-5520,nbennett43@gmail.com,29 Grant Ave,PA,WillowGrove,19090,Cigna,0
Addison,Wells,1992-11-11,Female,555-220-9987,awells44@gmail.com,89 Lexington Rd,PA,FairlessHills,19030,Aetna,1
Jacob,Barnes,1983-08-27,Male,555-500-7712,jbarnes45@gmail.com,33 Ridgecrest Rd,PA,Oxford,19363,UnitedHealth,1
Bella,Perry,1996-01-05,Female,555-930-4412,bperry46@yahoo.com,47 Fernwood Ln,NY,Buffalo,14201,Aetna,1
Connor,Long,1987-02-20,Male,555-212-8855,clong47@gmail.com,10 Stratford Ave,PA,WestGrove,19390,Highmark,1
Madison,Powell,1994-03-18,Female,555-600-3344,mpowell48@gmail.com,44 Brook Rd,PA,KennettSquare,19348,Aetna,1
Luke,Reed,1980-10-30,Male,555-110-2299,lreed49@gmail.com,82 Cottonwood Ln,NJ,Hoboken,07030,Aetna,0
Aria,Cook,1999-04-09,Female,555-667-4411,acook50@gmail.com,56 Cypress Rd,PA,NewtownSquare,19073,BlueCross,1
Sophia,Ross,1996-09-18,Female,555-442-1200,sross51@gmail.com,88 Lincoln Rd,PA,Quakertown,18951,Aetna,1
Ethan,Foster,1982-07-14,Male,555-918-6612,efoster52@yahoo.com,14 Meadow Ln,PA,Lansdale,19446,BlueCross,1
Harper,Bryant,1993-10-05,Female,555-812-0098,hbryant53@gmail.com,77 Oakcrest Dr,PA,Doylestown,18901,UnitedHealth,1
Logan,Griffin,1989-02-17,Male,555-909-2210,lgriffin54@gmail.com,40 Elm Rd,PA,Phoenixville,19460,Aetna,1
Avery,Ramos,1997-03-26,Other,555-441-8800,aramos55@gmail.com,29 Rose Ave,NJ,Princeton,08540,Aetna,1
Landon,Hayes,1984-06-30,Male,555-603-1129,lhayes56@yahoo.com,95 Oakwood Dr,PA,Paoli,19301,Highmark,0
Ella,Jenkins,2000-11-22,Female,555-899-2201,ejenkins57@gmail.com,16 Parkview Ln,PA,Folsom,19033,Cigna,1
Gabriel,Bishop,1977-01-29,Male,555-722-1188,gbishop58@gmail.com,82 Evergreen Ave,PA,ChesterSprings,19425,Aetna,1
Scarlett,Holmes,1994-12-07,Female,555-340-2291,sholmes59@gmail.com,47 Cypress Ave,PA,NewHope,18938,BlueCross,1
Owen,Weaver,1985-09-03,Male,555-889-0011,oweaver60@yahoo.com,11 Elmhurst Rd,PA,Langhorne,19047,Aetna,1
Camila,Webb,1991-05-19,Female,555-401-7722,cwebb61@gmail.com,90 Forest View Dr,NJ,Morristown,07960,Aetna,1
Wyatt,Greene,1998-08-14,Male,555-550-9944,wgreene62@gmail.com,54 Clover Ln,PA,SharonHill,19079,UnitedHealth,1
Mila,Howard,1990-04-25,Female,555-310-4433,mhoward63@yahoo.com,32 Magnolia St,PA,Collingdale,19023,Aetna,0
Jack,Walters,1983-10-18,Male,555-992-3002,jwalters64@gmail.com,77 Spruce Rd,PA,BrynMawr,19010,Highmark,1
Penelope,Fox,1999-02-06,Female,555-244-9011,pfox65@gmail.com,22 Highland Dr,PA,KingOfPrussia,19406,Aetna,1
Henry,Boone,1979-12-11,Male,555-188-7740,hboone66@gmail.com,65 Oak Terrace,NJ,Woodbridge,07095,Cigna,1
Zoe,Dean,1995-06-28,Female,555-550-8829,zdean67@gmail.com,89 Willow Ter,PA,Ardmore,19003,Aetna,1
Julian,Harper,1987-09-15,Male,555-722-5591,jharper68@gmail.com,14 Fairview Blvd,PA,Jenkintown,19046,BlueCross,1
Claire,Moss,1993-04-01,Female,555-118-7332,cmoss69@yahoo.com,50 Cedarbrook Rd,PA,Glenside,19038,Aetna,1
Leo,Snyder,1984-07-21,Male,555-663-4499,lsnyder70@gmail.com,77 Meadowbrook Ln,PA,Ambler,19002,UnitedHealth,1
Stella,Barrett,1996-02-10,Female,555-799-2208,sbarrett71@gmail.com,10 Ridge Dr,PA,Hatboro,19040,Aetna,0
Hudson,Joseph,1980-10-29,Male,555-342-8811,hjoseph72@gmail.com,31 Oakview Ct,PA,PikeCreek,19711,Aetna,1
Nora,Rhodes,1992-12-05,Female,555-200-4410,nrhodes73@yahoo.com,15 Poplar St,PA,Wynnewood,19096,BlueCross,1
Asher,Brady,1988-03-12,Male,555-721-1192,abrady74@gmail.com,28 Laurel Dr,PA,UpperDarby,19082,Cigna,1
Eleanor,Wise,1999-01-03,Female,555-933-4400,ewise75@gmail.com,49 Summit Ave,PA,Yeadon,19050,Aetna,1
Grayson,Holt,1995-03-14,Male,555-881-7222,gholt76@gmail.com,82 Pinewood Ln,PA,DrexelHill,19026,UnitedHealth,1
Hannah,Sharp,1987-11-17,Female,555-411-9082,hsharp77@yahoo.com,37 Maple Terrace,NJ,Clifton,07011,Aetna,1
Maverick,Newton,1994-05-30,Male,555-410-2201,mnewton78@gmail.com,20 Orchard View Ln,PA,Media,19063,BlueCross,1
Aubrey,Bass,1990-09-11,Female,555-751-3390,abass79@gmail.com,95 Sycamore Rd,PA,Springfield,19064,Aetna,1
Elijah,Kim,1986-04-06,Male,555-803-2200,ekim80@gmail.com,53 Hazel Rd,PA,CrumLynne,19022,Cigna,1
Paisley,Beck,1998-06-25,Female,555-188-0021,pbeck81@gmail.com,12 Crestwood Dr,PA,Boothwyn,19061,Aetna,1
Nolan,Hunter,1977-08-19,Male,555-441-6177,nhunter82@yahoo.com,70 Valley Way,PA,Aston,19014,Highmark,0
Luna,Curtis,1993-10-29,Female,555-502-1900,lcurtis83@gmail.com,38 Pine Glen Rd,PA,Swarthmore,19081,Aetna,1
Roman,Reeves,1985-01-08,Male,555-223-9441,rreeves84@gmail.com,84 Willow Bend Dr,PA,Parkside,19015,BlueCross,1
Savannah,Cain,1997-05-04,Female,555-901-7733,scain85@gmail.com,19 Magnolia Cir,PA,ProspectPark,19076,Aetna,1
Eli,Shaw,1982-02-22,Male,555-990-4552,eshaw86@gmail.com,71 Heatherwood Ln,NJ,Livingston,07039,Aetna,1
Violet,Page,1989-04-27,Female,555-211-8901,vpage87@gmail.com,28 BriarCliff Rd,PA,Folcroft,19032,Cigna,1
Hunter,Floyd,1984-09-15,Male,555-894-3322,hfloyd88@yahoo.com,10 Cedar Valley Rd,PA,RidleyPark,19078,Aetna,1
Brooklyn,Love,1996-06-06,Female,555-667-9910,blove89@gmail.com,52 Elmcrest Ln,PA,SharonHill,19079,UnitedHealth,1
Isaiah,Marsh,1991-08-01,Male,555-441-2299,imarsh90@gmail.com,26 Hillcrest Dr,PA,Aldan,19018,Aetna,1
Audrey,Day,1999-11-18,Female,555-722-4400,aday91@gmail.com,14 Chester Ave,PA,Collingdale,19023,BlueCross,1
Easton,Wise,1987-05-20,Male,555-514-8821,ewise92@yahoo.com,78 Spring Rd,PA,Upland,19015,Aetna,1
Lucy,Mayer,1994-07-14,Female,555-771-9440,lmayer93@gmail.com,42 Glenwood St,PA,Brookhaven,19015,Cigna,1
Thomas,Sloan,1978-10-04,Male,555-995-1100,tsloan94@gmail.com,65 Devonshire Rd,NJ,NewBrunswick,08901,Aetna,1
Naomi,Black,1992-09-23,Female,555-344-5501,nblack95@gmail.com,18 Hilltop Cir,PA,GlenMills,19342,BlueCross,1
Cooper,Stone,1981-03-11,Male,555-881-2209,cstone96@gmail.com,90 Woodland Dr,PA,ChaddsFord,19317,Aetna,1
Ruby,Glass,1997-10-09,Female,555-213-7008,rglass97@gmail.com,71 Evergreen Cir,PA,Thornton,19373,Highmark,1
Ezra,Hart,1986-12-01,Male,555-944-3900,ehart98@yahoo.com,55 Locust Rd,PA,NewtownSquare,19073,Aetna,1
Kinsley,Ray,1994-04-15,Female,555-110-7741,kray99@gmail.com,24 Oakshadow Ln,PA,Marple,19008,Cigna,1
Miles,Parks,1988-01-06,Male,555-621-8800,mparks100@gmail.com,33 Riverbend Rd,PA,CliftonHeights,19018,Aetna,1